20061122/023/20061122/023/011.wav	ang	-1	eng	en-us	f	LEGOv2
20061122/023/20061122/023/012.wav	ang	-1	eng	en-us	f	LEGOv2
20061122/024/20061122/024/008.wav	ang	-1	eng	en-us	f	LEGOv2
20061122/024/20061122/024/015.wav	ang	-1	eng	en-us	f	LEGOv2
20061122/024/20061122/024/018.wav	ang	-1	eng	en-us	f	LEGOv2
20061122/025/20061122/025/006.wav	ang	-1	eng	en-us	m	LEGOv2
20061122/025/20061122/025/008.wav	ang	-1	eng	en-us	m	LEGOv2
20061122/025/20061122/025/010.wav	ang	-1	eng	en-us	m	LEGOv2
20061122/025/20061122/025/011.wav	ang	-1	eng	en-us	m	LEGOv2
20061122/025/20061122/025/013.wav	ang	-1	eng	en-us	m	LEGOv2
20061122/025/20061122/025/014.wav	ang	-1	eng	en-us	m	LEGOv2
20061122/025/20061122/025/018.wav	ang	-1	eng	en-us	m	LEGOv2
20061122/028/20061122/028/008.wav	ang	-1	eng	en-us	m	LEGOv2
20061122/030/20061122/030/007.wav	ang	-1	eng	en-us	m	LEGOv2
20061122/030/20061122/030/008.wav	ang	-1	eng	en-us	m	LEGOv2
20061122/030/20061122/030/010.wav	ang	-1	eng	en-us	m	LEGOv2
20061122/030/20061122/030/012.wav	ang	-1	eng	en-us	m	LEGOv2
20061122/030/20061122/030/013.wav	ang	-1	eng	en-us	m	LEGOv2
20061122/030/20061122/030/014.wav	ang	-1	eng	en-us	m	LEGOv2
20061122/030/20061122/030/015.wav	ang	-1	eng	en-us	m	LEGOv2
20061122/030/20061122/030/016.wav	ang	-1	eng	en-us	m	LEGOv2
20061122/030/20061122/030/018.wav	ang	-1	eng	en-us	m	LEGOv2
20061122/030/20061122/030/024.wav	ang	-1	eng	en-us	m	LEGOv2
20061123/002/20061123/002/032.wav	ang	-1	eng	en-us	m	LEGOv2
20061123/005/20061123/005/025.wav	ang	-1	eng	en-us	m	LEGOv2
20061123/005/20061123/005/026.wav	ang	-1	eng	en-us	m	LEGOv2
20061123/006/20061123/006/000.wav	ang	-1	eng	en-us	m	LEGOv2
20061123/006/20061123/006/001.wav	ang	-1	eng	en-us	m	LEGOv2
20061123/006/20061123/006/003.wav	ang	-1	eng	en-us	m	LEGOv2
20061123/006/20061123/006/004.wav	ang	-1	eng	en-us	m	LEGOv2
20061123/006/20061123/006/006.wav	ang	-1	eng	en-us	m	LEGOv2
20061123/006/20061123/006/007.wav	ang	-1	eng	en-us	m	LEGOv2
20061123/006/20061123/006/008.wav	ang	-1	eng	en-us	m	LEGOv2
20061123/006/20061123/006/010.wav	ang	-1	eng	en-us	m	LEGOv2
20061123/006/20061123/006/011.wav	ang	-1	eng	en-us	m	LEGOv2
20061123/006/20061123/006/014.wav	ang	-1	eng	en-us	m	LEGOv2
20061123/008/20061123/008/007.wav	ang	-1	eng	en-us	u	LEGOv2
20061123/008/20061123/008/011.wav	ang	-1	eng	en-us	u	LEGOv2
20061123/008/20061123/008/015.wav	ang	-1	eng	en-us	u	LEGOv2
20061123/008/20061123/008/017.wav	ang	-1	eng	en-us	u	LEGOv2
20061123/008/20061123/008/018.wav	ang	-1	eng	en-us	u	LEGOv2
20061123/008/20061123/008/020.wav	ang	-1	eng	en-us	u	LEGOv2
20061123/008/20061123/008/022.wav	ang	-1	eng	en-us	u	LEGOv2
20061123/008/20061123/008/023.wav	ang	-1	eng	en-us	u	LEGOv2
20061123/008/20061123/008/024.wav	ang	-1	eng	en-us	u	LEGOv2
20061123/011/20061123/011/001.wav	ang	-1	eng	en-us	m	LEGOv2
20061123/011/20061123/011/002.wav	ang	-1	eng	en-us	m	LEGOv2
20061123/011/20061123/011/003.wav	ang	-1	eng	en-us	m	LEGOv2
20061123/011/20061123/011/004.wav	ang	-1	eng	en-us	m	LEGOv2
20061123/011/20061123/011/005.wav	ang	-1	eng	en-us	m	LEGOv2
20061123/011/20061123/011/008.wav	ang	-1	eng	en-us	m	LEGOv2
20061123/016/20061123/016/002.wav	ang	-1	eng	en-us	f	LEGOv2
20061123/016/20061123/016/003.wav	ang	-1	eng	en-us	f	LEGOv2
20061123/016/20061123/016/005.wav	ang	-1	eng	en-us	f	LEGOv2
20061123/020/20061123/020/001.wav	ang	-1	eng	en-us	m	LEGOv2
20061123/020/20061123/020/006.wav	ang	-1	eng	en-us	m	LEGOv2
20061123/021/20061123/021/000.wav	ang	-1	eng	en-us	m	LEGOv2
20061123/021/20061123/021/001.wav	ang	-1	eng	en-us	m	LEGOv2
20061123/021/20061123/021/008.wav	ang	-1	eng	en-us	m	LEGOv2
20061123/021/20061123/021/009.wav	ang	-1	eng	en-us	m	LEGOv2
20061123/021/20061123/021/010.wav	ang	-1	eng	en-us	m	LEGOv2
20061123/021/20061123/021/011.wav	ang	-1	eng	en-us	m	LEGOv2
20061123/021/20061123/021/012.wav	ang	-1	eng	en-us	m	LEGOv2
20061123/021/20061123/021/014.wav	ang	-1	eng	en-us	m	LEGOv2
20061123/021/20061123/021/015.wav	ang	-1	eng	en-us	m	LEGOv2
20061123/021/20061123/021/016.wav	ang	-1	eng	en-us	m	LEGOv2
20061123/022/20061123/022/002.wav	ang	-1	eng	en-us	m	LEGOv2
20061123/022/20061123/022/009.wav	ang	-1	eng	en-us	m	LEGOv2
20061123/022/20061123/022/012.wav	ang	-1	eng	en-us	m	LEGOv2
20061123/022/20061123/022/014.wav	ang	-1	eng	en-us	m	LEGOv2
20061123/022/20061123/022/015.wav	ang	-1	eng	en-us	m	LEGOv2
20061123/022/20061123/022/016.wav	ang	-1	eng	en-us	m	LEGOv2
20061123/022/20061123/022/024.wav	ang	-1	eng	en-us	m	LEGOv2
20061123/022/20061123/022/025.wav	ang	-1	eng	en-us	m	LEGOv2
20061123/022/20061123/022/026.wav	ang	-1	eng	en-us	m	LEGOv2
20061123/022/20061123/022/027.wav	ang	-1	eng	en-us	m	LEGOv2
20061123/022/20061123/022/028.wav	ang	-1	eng	en-us	m	LEGOv2
20061123/022/20061123/022/029.wav	ang	-1	eng	en-us	m	LEGOv2
20061123/022/20061123/022/030.wav	ang	-1	eng	en-us	m	LEGOv2
20061123/022/20061123/022/031.wav	ang	-1	eng	en-us	m	LEGOv2
20061123/022/20061123/022/032.wav	ang	-1	eng	en-us	m	LEGOv2
20061123/022/20061123/022/033.wav	ang	-1	eng	en-us	m	LEGOv2
20061123/022/20061123/022/034.wav	ang	-1	eng	en-us	m	LEGOv2
20061123/022/20061123/022/035.wav	ang	-1	eng	en-us	m	LEGOv2
20061123/022/20061123/022/036.wav	ang	-1	eng	en-us	m	LEGOv2
20061123/022/20061123/022/037.wav	ang	-1	eng	en-us	m	LEGOv2
20061123/022/20061123/022/038.wav	ang	-1	eng	en-us	m	LEGOv2
20061123/022/20061123/022/039.wav	ang	-1	eng	en-us	m	LEGOv2
20061123/022/20061123/022/040.wav	ang	-1	eng	en-us	m	LEGOv2
20061123/022/20061123/022/042.wav	ang	-1	eng	en-us	m	LEGOv2
20061123/022/20061123/022/043.wav	ang	-1	eng	en-us	m	LEGOv2
20061123/022/20061123/022/045.wav	ang	-1	eng	en-us	m	LEGOv2
20061123/022/20061123/022/046.wav	ang	-1	eng	en-us	m	LEGOv2
20061123/022/20061123/022/047.wav	ang	-1	eng	en-us	m	LEGOv2
20061123/022/20061123/022/048.wav	ang	-1	eng	en-us	m	LEGOv2
20061123/022/20061123/022/050.wav	ang	-1	eng	en-us	m	LEGOv2
20061123/022/20061123/022/051.wav	ang	-1	eng	en-us	m	LEGOv2
20061123/022/20061123/022/052.wav	ang	-1	eng	en-us	m	LEGOv2
20061123/026/20061123/026/011.wav	ang	-1	eng	en-us	f	LEGOv2
20061123/026/20061123/026/012.wav	ang	-1	eng	en-us	f	LEGOv2
20061123/029/20061123/029/000.wav	ang	-1	eng	en-us	m	LEGOv2
20061123/029/20061123/029/007.wav	ang	-1	eng	en-us	m	LEGOv2
20061123/033/20061123/033/007.wav	ang	-1	eng	en-us	u	LEGOv2
20061123/037/20061123/037/020.wav	ang	-1	eng	en-us	m	LEGOv2
20061123/037/20061123/037/021.wav	ang	-1	eng	en-us	m	LEGOv2
20061123/037/20061123/037/024.wav	ang	-1	eng	en-us	m	LEGOv2
20061123/037/20061123/037/025.wav	ang	-1	eng	en-us	m	LEGOv2
20061123/037/20061123/037/026.wav	ang	-1	eng	en-us	m	LEGOv2
20061123/040/20061123/040/005.wav	ang	-1	eng	en-us	f	LEGOv2
20061123/040/20061123/040/008.wav	ang	-1	eng	en-us	f	LEGOv2
20061123/040/20061123/040/011.wav	ang	-1	eng	en-us	f	LEGOv2
20061123/040/20061123/040/013.wav	ang	-1	eng	en-us	f	LEGOv2
20061123/040/20061123/040/014.wav	ang	-1	eng	en-us	f	LEGOv2
20061123/040/20061123/040/018.wav	ang	-1	eng	en-us	f	LEGOv2
20061123/041/20061123/041/008.wav	ang	-1	eng	en-us	f	LEGOv2
20061123/042/20061123/042/022.wav	ang	-1	eng	en-us	f	LEGOv2
20061123/045/20061123/045/002.wav	ang	-1	eng	en-us	m	LEGOv2
20061123/054/20061123/054/001.wav	ang	-1	eng	en-us	m	LEGOv2
20061123/054/20061123/054/006.wav	ang	-1	eng	en-us	m	LEGOv2
20061123/054/20061123/054/008.wav	ang	-1	eng	en-us	m	LEGOv2
20061123/054/20061123/054/023.wav	ang	-1	eng	en-us	m	LEGOv2
20061123/055/20061123/055/005.wav	ang	-1	eng	en-us	f	LEGOv2
20061123/055/20061123/055/008.wav	ang	-1	eng	en-us	f	LEGOv2
20061123/055/20061123/055/013.wav	ang	-1	eng	en-us	f	LEGOv2
20061123/055/20061123/055/014.wav	ang	-1	eng	en-us	f	LEGOv2
20061123/055/20061123/055/016.wav	ang	-1	eng	en-us	f	LEGOv2
20061123/056/20061123/056/007.wav	ang	-1	eng	en-us	f	LEGOv2
20061123/058/20061123/058/011.wav	ang	-1	eng	en-us	m	LEGOv2
20061123/059/20061123/059/012.wav	ang	-1	eng	en-us	f	LEGOv2
20061123/060/20061123/060/006.wav	ang	-1	eng	en-us	m	LEGOv2
20061123/060/20061123/060/007.wav	ang	-1	eng	en-us	m	LEGOv2
20061123/066/20061123/066/015.wav	ang	-1	eng	en-us	m	LEGOv2
20061123/066/20061123/066/016.wav	ang	-1	eng	en-us	m	LEGOv2
20061123/066/20061123/066/017.wav	ang	-1	eng	en-us	m	LEGOv2
20061123/066/20061123/066/018.wav	ang	-1	eng	en-us	m	LEGOv2
20061123/066/20061123/066/020.wav	ang	-1	eng	en-us	m	LEGOv2
20061123/066/20061123/066/023.wav	ang	-1	eng	en-us	m	LEGOv2
20061123/066/20061123/066/024.wav	ang	-1	eng	en-us	m	LEGOv2
20061123/066/20061123/066/026.wav	ang	-1	eng	en-us	m	LEGOv2
20061123/067/20061123/067/003.wav	ang	-1	eng	en-us	f	LEGOv2
20061123/067/20061123/067/008.wav	ang	-1	eng	en-us	f	LEGOv2
20061123/067/20061123/067/013.wav	ang	-1	eng	en-us	f	LEGOv2
20061123/068/20061123/068/010.wav	ang	-1	eng	en-us	f	LEGOv2
20061123/068/20061123/068/023.wav	ang	-1	eng	en-us	f	LEGOv2
20061123/068/20061123/068/025.wav	ang	-1	eng	en-us	f	LEGOv2
20061123/068/20061123/068/027.wav	ang	-1	eng	en-us	f	LEGOv2
20061123/068/20061123/068/028.wav	ang	-1	eng	en-us	f	LEGOv2
20061123/068/20061123/068/030.wav	ang	-1	eng	en-us	f	LEGOv2
20061123/068/20061123/068/031.wav	ang	-1	eng	en-us	f	LEGOv2
20061123/071/20061123/071/030.wav	ang	-1	eng	en-us	f	LEGOv2
20061123/072/20061123/072/042.wav	ang	-1	eng	en-us	m	LEGOv2
20061124/007/20061124/007/004.wav	ang	-1	eng	en-us	f	LEGOv2
20061124/007/20061124/007/005.wav	ang	-1	eng	en-us	f	LEGOv2
20061124/008/20061124/008/010.wav	ang	-1	eng	en-us	m	LEGOv2
20061124/008/20061124/008/013.wav	ang	-1	eng	en-us	m	LEGOv2
20061124/008/20061124/008/018.wav	ang	-1	eng	en-us	m	LEGOv2
20061124/008/20061124/008/021.wav	ang	-1	eng	en-us	m	LEGOv2
20061124/008/20061124/008/022.wav	ang	-1	eng	en-us	m	LEGOv2
20061124/008/20061124/008/027.wav	ang	-1	eng	en-us	m	LEGOv2
20061124/008/20061124/008/030.wav	ang	-1	eng	en-us	m	LEGOv2
20061124/008/20061124/008/032.wav	ang	-1	eng	en-us	m	LEGOv2
20061124/008/20061124/008/037.wav	ang	-1	eng	en-us	m	LEGOv2
20061124/008/20061124/008/039.wav	ang	-1	eng	en-us	m	LEGOv2
20061124/008/20061124/008/040.wav	ang	-1	eng	en-us	m	LEGOv2
20061124/008/20061124/008/041.wav	ang	-1	eng	en-us	m	LEGOv2
20061124/013/20061124/013/016.wav	ang	-1	eng	en-us	m	LEGOv2
20061124/013/20061124/013/018.wav	ang	-1	eng	en-us	m	LEGOv2
20061124/019/20061124/019/008.wav	ang	-1	eng	en-us	f	LEGOv2
20061124/019/20061124/019/009.wav	ang	-1	eng	en-us	f	LEGOv2
20061124/019/20061124/019/011.wav	ang	-1	eng	en-us	f	LEGOv2
20061124/019/20061124/019/014.wav	ang	-1	eng	en-us	f	LEGOv2
20061124/019/20061124/019/015.wav	ang	-1	eng	en-us	f	LEGOv2
20061124/019/20061124/019/016.wav	ang	-1	eng	en-us	f	LEGOv2
20061124/019/20061124/019/017.wav	ang	-1	eng	en-us	f	LEGOv2
20061124/019/20061124/019/026.wav	ang	-1	eng	en-us	f	LEGOv2
20061124/019/20061124/019/028.wav	ang	-1	eng	en-us	f	LEGOv2
20061124/019/20061124/019/032.wav	ang	-1	eng	en-us	f	LEGOv2
20061124/019/20061124/019/033.wav	ang	-1	eng	en-us	f	LEGOv2
20061124/019/20061124/019/035.wav	ang	-1	eng	en-us	f	LEGOv2
20061124/019/20061124/019/036.wav	ang	-1	eng	en-us	f	LEGOv2
20061124/019/20061124/019/037.wav	ang	-1	eng	en-us	f	LEGOv2
20061124/019/20061124/019/038.wav	ang	-1	eng	en-us	f	LEGOv2
20061124/019/20061124/019/045.wav	ang	-1	eng	en-us	f	LEGOv2
20061124/019/20061124/019/046.wav	ang	-1	eng	en-us	f	LEGOv2
20061124/019/20061124/019/047.wav	ang	-1	eng	en-us	f	LEGOv2
20061124/019/20061124/019/048.wav	ang	-1	eng	en-us	f	LEGOv2
20061124/019/20061124/019/049.wav	ang	-1	eng	en-us	f	LEGOv2
20061124/021/20061124/021/007.wav	ang	-1	eng	en-us	f	LEGOv2
20061124/021/20061124/021/010.wav	ang	-1	eng	en-us	f	LEGOv2
20061124/021/20061124/021/011.wav	ang	-1	eng	en-us	f	LEGOv2
20061124/021/20061124/021/012.wav	ang	-1	eng	en-us	f	LEGOv2
20061124/021/20061124/021/013.wav	ang	-1	eng	en-us	f	LEGOv2
20061124/021/20061124/021/014.wav	ang	-1	eng	en-us	f	LEGOv2
20061124/021/20061124/021/015.wav	ang	-1	eng	en-us	f	LEGOv2
20061124/021/20061124/021/016.wav	ang	-1	eng	en-us	f	LEGOv2
20061124/021/20061124/021/017.wav	ang	-1	eng	en-us	f	LEGOv2
20061124/021/20061124/021/018.wav	ang	-1	eng	en-us	f	LEGOv2
20061124/021/20061124/021/019.wav	ang	-1	eng	en-us	f	LEGOv2
20061124/021/20061124/021/020.wav	ang	-1	eng	en-us	f	LEGOv2
20061124/021/20061124/021/024.wav	ang	-1	eng	en-us	f	LEGOv2
20061124/021/20061124/021/028.wav	ang	-1	eng	en-us	f	LEGOv2
20061124/021/20061124/021/031.wav	ang	-1	eng	en-us	f	LEGOv2
20061124/021/20061124/021/032.wav	ang	-1	eng	en-us	f	LEGOv2
20061124/021/20061124/021/034.wav	ang	-1	eng	en-us	f	LEGOv2
20061124/021/20061124/021/035.wav	ang	-1	eng	en-us	f	LEGOv2
20061124/021/20061124/021/040.wav	ang	-1	eng	en-us	f	LEGOv2
20061124/021/20061124/021/041.wav	ang	-1	eng	en-us	f	LEGOv2
20061124/021/20061124/021/043.wav	ang	-1	eng	en-us	f	LEGOv2
20061124/021/20061124/021/044.wav	ang	-1	eng	en-us	f	LEGOv2
20061124/021/20061124/021/046.wav	ang	-1	eng	en-us	f	LEGOv2
20061124/021/20061124/021/047.wav	ang	-1	eng	en-us	f	LEGOv2
20061124/021/20061124/021/048.wav	ang	-1	eng	en-us	f	LEGOv2
20061124/021/20061124/021/051.wav	ang	-1	eng	en-us	f	LEGOv2
20061124/021/20061124/021/052.wav	ang	-1	eng	en-us	f	LEGOv2
20061124/021/20061124/021/054.wav	ang	-1	eng	en-us	f	LEGOv2
20061124/021/20061124/021/058.wav	ang	-1	eng	en-us	f	LEGOv2
20061124/021/20061124/021/061.wav	ang	-1	eng	en-us	f	LEGOv2
20061124/021/20061124/021/062.wav	ang	-1	eng	en-us	f	LEGOv2
20061124/021/20061124/021/064.wav	ang	-1	eng	en-us	f	LEGOv2
20061124/021/20061124/021/065.wav	ang	-1	eng	en-us	f	LEGOv2
20061124/021/20061124/021/072.wav	ang	-1	eng	en-us	f	LEGOv2
20061124/021/20061124/021/073.wav	ang	-1	eng	en-us	f	LEGOv2
20061124/021/20061124/021/076.wav	ang	-1	eng	en-us	f	LEGOv2
20061124/021/20061124/021/078.wav	ang	-1	eng	en-us	f	LEGOv2
20061124/021/20061124/021/085.wav	ang	-1	eng	en-us	f	LEGOv2
20061124/021/20061124/021/086.wav	ang	-1	eng	en-us	f	LEGOv2
20061124/021/20061124/021/088.wav	ang	-1	eng	en-us	f	LEGOv2
20061124/021/20061124/021/089.wav	ang	-1	eng	en-us	f	LEGOv2
20061124/021/20061124/021/090.wav	ang	-1	eng	en-us	f	LEGOv2
20061124/021/20061124/021/091.wav	ang	-1	eng	en-us	f	LEGOv2
20061124/021/20061124/021/092.wav	ang	-1	eng	en-us	f	LEGOv2
20061124/021/20061124/021/093.wav	ang	-1	eng	en-us	f	LEGOv2
20061124/021/20061124/021/095.wav	ang	-1	eng	en-us	f	LEGOv2
20061124/021/20061124/021/096.wav	ang	-1	eng	en-us	f	LEGOv2
20061124/021/20061124/021/097.wav	ang	-1	eng	en-us	f	LEGOv2
20061124/021/20061124/021/098.wav	ang	-1	eng	en-us	f	LEGOv2
20061124/021/20061124/021/099.wav	ang	-1	eng	en-us	f	LEGOv2
20061124/021/20061124/021/103.wav	ang	-1	eng	en-us	f	LEGOv2
20061124/021/20061124/021/104.wav	ang	-1	eng	en-us	f	LEGOv2
20061124/021/20061124/021/105.wav	ang	-1	eng	en-us	f	LEGOv2
20061124/021/20061124/021/106.wav	ang	-1	eng	en-us	f	LEGOv2
20061124/021/20061124/021/108.wav	ang	-1	eng	en-us	f	LEGOv2
20061124/021/20061124/021/112.wav	ang	-1	eng	en-us	f	LEGOv2
20061124/021/20061124/021/122.wav	ang	-1	eng	en-us	f	LEGOv2
20061124/021/20061124/021/124.wav	ang	-1	eng	en-us	f	LEGOv2
20061124/021/20061124/021/127.wav	ang	-1	eng	en-us	f	LEGOv2
20061124/021/20061124/021/128.wav	ang	-1	eng	en-us	f	LEGOv2
20061124/021/20061124/021/130.wav	ang	-1	eng	en-us	f	LEGOv2
20061124/021/20061124/021/131.wav	ang	-1	eng	en-us	f	LEGOv2
20061124/021/20061124/021/132.wav	ang	-1	eng	en-us	f	LEGOv2
20061124/021/20061124/021/133.wav	ang	-1	eng	en-us	f	LEGOv2
20061124/021/20061124/021/137.wav	ang	-1	eng	en-us	f	LEGOv2
20061124/021/20061124/021/139.wav	ang	-1	eng	en-us	f	LEGOv2
20061124/021/20061124/021/142.wav	ang	-1	eng	en-us	f	LEGOv2
20061124/021/20061124/021/148.wav	ang	-1	eng	en-us	f	LEGOv2
20061124/021/20061124/021/149.wav	ang	-1	eng	en-us	f	LEGOv2
20061124/021/20061124/021/165.wav	ang	-1	eng	en-us	f	LEGOv2
20061124/021/20061124/021/166.wav	ang	-1	eng	en-us	f	LEGOv2
20061124/021/20061124/021/175.wav	ang	-1	eng	en-us	f	LEGOv2
20061124/021/20061124/021/185.wav	ang	-1	eng	en-us	f	LEGOv2
20061124/021/20061124/021/186.wav	ang	-1	eng	en-us	f	LEGOv2
20061124/021/20061124/021/187.wav	ang	-1	eng	en-us	f	LEGOv2
20061124/021/20061124/021/188.wav	ang	-1	eng	en-us	f	LEGOv2
20061124/021/20061124/021/189.wav	ang	-1	eng	en-us	f	LEGOv2
20061124/021/20061124/021/191.wav	ang	-1	eng	en-us	f	LEGOv2
20061124/022/20061124/022/009.wav	ang	-1	eng	en-us	f	LEGOv2
20061124/022/20061124/022/010.wav	ang	-1	eng	en-us	f	LEGOv2
20061124/022/20061124/022/011.wav	ang	-1	eng	en-us	f	LEGOv2
20061124/023/20061124/023/009.wav	ang	-1	eng	en-us	m	LEGOv2
20061125/000/20061125/000/015.wav	ang	-1	eng	en-us	f	LEGOv2
20061125/001/20061125/001/024.wav	ang	-1	eng	en-us	m	LEGOv2
20061125/001/20061125/001/027.wav	ang	-1	eng	en-us	m	LEGOv2
20061125/001/20061125/001/028.wav	ang	-1	eng	en-us	m	LEGOv2
20061125/001/20061125/001/029.wav	ang	-1	eng	en-us	m	LEGOv2
20061125/005/20061125/005/006.wav	ang	-1	eng	en-us	f	LEGOv2
20061125/005/20061125/005/009.wav	ang	-1	eng	en-us	f	LEGOv2
20061125/005/20061125/005/010.wav	ang	-1	eng	en-us	f	LEGOv2
20061125/005/20061125/005/011.wav	ang	-1	eng	en-us	f	LEGOv2
20061125/005/20061125/005/012.wav	ang	-1	eng	en-us	f	LEGOv2
20061125/009/20061125/009/006.wav	ang	-1	eng	en-us	f	LEGOv2
20061125/009/20061125/009/007.wav	ang	-1	eng	en-us	f	LEGOv2
20061125/009/20061125/009/009.wav	ang	-1	eng	en-us	f	LEGOv2
20061125/012/20061125/012/001.wav	ang	-1	eng	en-us	f	LEGOv2
20061125/012/20061125/012/002.wav	ang	-1	eng	en-us	f	LEGOv2
20061125/012/20061125/012/009.wav	ang	-1	eng	en-us	f	LEGOv2
20061125/012/20061125/012/010.wav	ang	-1	eng	en-us	f	LEGOv2
20061125/012/20061125/012/023.wav	ang	-1	eng	en-us	f	LEGOv2
20061125/012/20061125/012/025.wav	ang	-1	eng	en-us	f	LEGOv2
20061125/014/20061125/014/005.wav	ang	-1	eng	en-us	u	LEGOv2
20061125/017/20061125/017/003.wav	ang	-1	eng	en-us	f	LEGOv2
20061125/018/20061125/018/011.wav	ang	-1	eng	en-us	f	LEGOv2
20061125/018/20061125/018/014.wav	ang	-1	eng	en-us	f	LEGOv2
20061125/018/20061125/018/021.wav	ang	-1	eng	en-us	f	LEGOv2
20061125/018/20061125/018/025.wav	ang	-1	eng	en-us	f	LEGOv2
20061125/018/20061125/018/027.wav	ang	-1	eng	en-us	f	LEGOv2
20061125/018/20061125/018/028.wav	ang	-1	eng	en-us	f	LEGOv2
20061125/018/20061125/018/030.wav	ang	-1	eng	en-us	f	LEGOv2
20061125/018/20061125/018/031.wav	ang	-1	eng	en-us	f	LEGOv2
20061125/019/20061125/019/011.wav	ang	-1	eng	en-us	f	LEGOv2
20061125/019/20061125/019/013.wav	ang	-1	eng	en-us	f	LEGOv2
20061125/019/20061125/019/014.wav	ang	-1	eng	en-us	f	LEGOv2
20061125/019/20061125/019/015.wav	ang	-1	eng	en-us	f	LEGOv2
20061125/019/20061125/019/016.wav	ang	-1	eng	en-us	f	LEGOv2
20061125/019/20061125/019/020.wav	ang	-1	eng	en-us	f	LEGOv2
20061125/021/20061125/021/003.wav	ang	-1	eng	en-us	m	LEGOv2
20061125/021/20061125/021/004.wav	ang	-1	eng	en-us	m	LEGOv2
20061125/021/20061125/021/005.wav	ang	-1	eng	en-us	m	LEGOv2
20061125/023/20061125/023/008.wav	ang	-1	eng	en-us	f	LEGOv2
20061125/023/20061125/023/010.wav	ang	-1	eng	en-us	f	LEGOv2
20061125/027/20061125/027/007.wav	ang	-1	eng	en-us	f	LEGOv2
20061125/029/20061125/029/005.wav	ang	-1	eng	en-us	f	LEGOv2
20061125/030/20061125/030/008.wav	ang	-1	eng	en-us	m	LEGOv2
20061125/031/20061125/031/008.wav	ang	-1	eng	en-us	f	LEGOv2
20061125/032/20061125/032/000.wav	ang	-1	eng	en-us	f	LEGOv2
20061125/032/20061125/032/001.wav	ang	-1	eng	en-us	f	LEGOv2
20061125/032/20061125/032/003.wav	ang	-1	eng	en-us	f	LEGOv2
20061125/033/20061125/033/000.wav	ang	-1	eng	en-us	f	LEGOv2
20061125/033/20061125/033/001.wav	ang	-1	eng	en-us	f	LEGOv2
20061125/033/20061125/033/002.wav	ang	-1	eng	en-us	f	LEGOv2
20061125/034/20061125/034/001.wav	ang	-1	eng	en-us	f	LEGOv2
20061125/034/20061125/034/002.wav	ang	-1	eng	en-us	f	LEGOv2
20061125/034/20061125/034/003.wav	ang	-1	eng	en-us	f	LEGOv2
20061125/034/20061125/034/004.wav	ang	-1	eng	en-us	f	LEGOv2
20061125/035/20061125/035/006.wav	ang	-1	eng	en-us	f	LEGOv2
20061125/035/20061125/035/007.wav	ang	-1	eng	en-us	f	LEGOv2
20061125/035/20061125/035/008.wav	ang	-1	eng	en-us	f	LEGOv2
20061125/035/20061125/035/009.wav	ang	-1	eng	en-us	f	LEGOv2
20061125/035/20061125/035/011.wav	ang	-1	eng	en-us	f	LEGOv2
20061125/035/20061125/035/012.wav	ang	-1	eng	en-us	f	LEGOv2
20061125/036/20061125/036/014.wav	ang	-1	eng	en-us	m	LEGOv2
20061125/036/20061125/036/015.wav	ang	-1	eng	en-us	m	LEGOv2
20061125/036/20061125/036/016.wav	ang	-1	eng	en-us	m	LEGOv2
20061125/036/20061125/036/017.wav	ang	-1	eng	en-us	m	LEGOv2
20061125/036/20061125/036/018.wav	ang	-1	eng	en-us	m	LEGOv2
20061125/036/20061125/036/019.wav	ang	-1	eng	en-us	m	LEGOv2
20061125/038/20061125/038/001.wav	ang	-1	eng	en-us	m	LEGOv2
20061125/038/20061125/038/002.wav	ang	-1	eng	en-us	m	LEGOv2
20061125/038/20061125/038/003.wav	ang	-1	eng	en-us	m	LEGOv2
20061125/038/20061125/038/004.wav	ang	-1	eng	en-us	m	LEGOv2
20061125/038/20061125/038/007.wav	ang	-1	eng	en-us	m	LEGOv2
20061125/038/20061125/038/008.wav	ang	-1	eng	en-us	m	LEGOv2
20061125/038/20061125/038/012.wav	ang	-1	eng	en-us	m	LEGOv2
20061125/038/20061125/038/013.wav	ang	-1	eng	en-us	m	LEGOv2
20061125/038/20061125/038/014.wav	ang	-1	eng	en-us	m	LEGOv2
20061125/038/20061125/038/015.wav	ang	-1	eng	en-us	m	LEGOv2
20061125/038/20061125/038/016.wav	ang	-1	eng	en-us	m	LEGOv2
20061125/038/20061125/038/017.wav	ang	-1	eng	en-us	m	LEGOv2
20061125/038/20061125/038/018.wav	ang	-1	eng	en-us	m	LEGOv2
20061125/038/20061125/038/019.wav	ang	-1	eng	en-us	m	LEGOv2
20061125/038/20061125/038/020.wav	ang	-1	eng	en-us	m	LEGOv2
20061125/038/20061125/038/021.wav	ang	-1	eng	en-us	m	LEGOv2
20061125/038/20061125/038/022.wav	ang	-1	eng	en-us	m	LEGOv2
20061125/038/20061125/038/023.wav	ang	-1	eng	en-us	m	LEGOv2
20061125/038/20061125/038/024.wav	ang	-1	eng	en-us	m	LEGOv2
20061125/038/20061125/038/025.wav	ang	-1	eng	en-us	m	LEGOv2
20061125/038/20061125/038/026.wav	ang	-1	eng	en-us	m	LEGOv2
20061125/038/20061125/038/027.wav	ang	-1	eng	en-us	m	LEGOv2
20061125/038/20061125/038/028.wav	ang	-1	eng	en-us	m	LEGOv2
20061125/038/20061125/038/029.wav	ang	-1	eng	en-us	m	LEGOv2
20061125/038/20061125/038/030.wav	ang	-1	eng	en-us	m	LEGOv2
20061125/038/20061125/038/031.wav	ang	-1	eng	en-us	m	LEGOv2
20061125/038/20061125/038/032.wav	ang	-1	eng	en-us	m	LEGOv2
20061125/038/20061125/038/033.wav	ang	-1	eng	en-us	m	LEGOv2
20061125/038/20061125/038/036.wav	ang	-1	eng	en-us	m	LEGOv2
20061125/038/20061125/038/038.wav	ang	-1	eng	en-us	m	LEGOv2
20061125/038/20061125/038/039.wav	ang	-1	eng	en-us	m	LEGOv2
20061125/038/20061125/038/040.wav	ang	-1	eng	en-us	m	LEGOv2
20061125/038/20061125/038/041.wav	ang	-1	eng	en-us	m	LEGOv2
20061125/038/20061125/038/042.wav	ang	-1	eng	en-us	m	LEGOv2
20061125/038/20061125/038/043.wav	ang	-1	eng	en-us	m	LEGOv2
20061125/038/20061125/038/044.wav	ang	-1	eng	en-us	m	LEGOv2
20061125/038/20061125/038/045.wav	ang	-1	eng	en-us	m	LEGOv2
20061125/038/20061125/038/046.wav	ang	-1	eng	en-us	m	LEGOv2
20061125/038/20061125/038/047.wav	ang	-1	eng	en-us	m	LEGOv2
20061125/038/20061125/038/048.wav	ang	-1	eng	en-us	m	LEGOv2
20061125/038/20061125/038/049.wav	ang	-1	eng	en-us	m	LEGOv2
20061125/038/20061125/038/050.wav	ang	-1	eng	en-us	m	LEGOv2
20061125/038/20061125/038/051.wav	ang	-1	eng	en-us	m	LEGOv2
20061125/038/20061125/038/052.wav	ang	-1	eng	en-us	m	LEGOv2
20061125/038/20061125/038/053.wav	ang	-1	eng	en-us	m	LEGOv2
20061125/038/20061125/038/054.wav	ang	-1	eng	en-us	m	LEGOv2
20061125/038/20061125/038/055.wav	ang	-1	eng	en-us	m	LEGOv2
20061125/038/20061125/038/056.wav	ang	-1	eng	en-us	m	LEGOv2
20061125/038/20061125/038/057.wav	ang	-1	eng	en-us	m	LEGOv2
20061125/038/20061125/038/058.wav	ang	-1	eng	en-us	m	LEGOv2
20061125/038/20061125/038/059.wav	ang	-1	eng	en-us	m	LEGOv2
20061125/038/20061125/038/060.wav	ang	-1	eng	en-us	m	LEGOv2
20061125/038/20061125/038/061.wav	ang	-1	eng	en-us	m	LEGOv2
20061125/038/20061125/038/062.wav	ang	-1	eng	en-us	m	LEGOv2
20061125/038/20061125/038/063.wav	ang	-1	eng	en-us	m	LEGOv2
20061125/038/20061125/038/064.wav	ang	-1	eng	en-us	m	LEGOv2
20061125/038/20061125/038/066.wav	ang	-1	eng	en-us	m	LEGOv2
20061125/038/20061125/038/067.wav	ang	-1	eng	en-us	m	LEGOv2
20061125/038/20061125/038/069.wav	ang	-1	eng	en-us	m	LEGOv2
20061125/038/20061125/038/073.wav	ang	-1	eng	en-us	m	LEGOv2
20061125/038/20061125/038/081.wav	ang	-1	eng	en-us	m	LEGOv2
20061125/038/20061125/038/082.wav	ang	-1	eng	en-us	m	LEGOv2
20061125/038/20061125/038/083.wav	ang	-1	eng	en-us	m	LEGOv2
20061125/038/20061125/038/084.wav	ang	-1	eng	en-us	m	LEGOv2
20061125/038/20061125/038/086.wav	ang	-1	eng	en-us	m	LEGOv2
20061125/038/20061125/038/087.wav	ang	-1	eng	en-us	m	LEGOv2
20061125/038/20061125/038/091.wav	ang	-1	eng	en-us	m	LEGOv2
20061125/038/20061125/038/092.wav	ang	-1	eng	en-us	m	LEGOv2
20061125/038/20061125/038/094.wav	ang	-1	eng	en-us	m	LEGOv2
20061125/038/20061125/038/101.wav	ang	-1	eng	en-us	m	LEGOv2
20061125/042/20061125/042/011.wav	ang	-1	eng	en-us	m	LEGOv2
20061125/042/20061125/042/013.wav	ang	-1	eng	en-us	m	LEGOv2
20061125/044/20061125/044/002.wav	ang	-1	eng	en-us	m	LEGOv2
20061125/044/20061125/044/003.wav	ang	-1	eng	en-us	m	LEGOv2
20061125/044/20061125/044/004.wav	ang	-1	eng	en-us	m	LEGOv2
20061125/045/20061125/045/013.wav	ang	-1	eng	en-us	f	LEGOv2
20061125/045/20061125/045/014.wav	ang	-1	eng	en-us	f	LEGOv2
20061125/045/20061125/045/017.wav	ang	-1	eng	en-us	f	LEGOv2
20061125/045/20061125/045/018.wav	ang	-1	eng	en-us	f	LEGOv2
20061125/045/20061125/045/019.wav	ang	-1	eng	en-us	f	LEGOv2
20061125/045/20061125/045/021.wav	ang	-1	eng	en-us	f	LEGOv2
20061125/045/20061125/045/028.wav	ang	-1	eng	en-us	f	LEGOv2
20061125/045/20061125/045/030.wav	ang	-1	eng	en-us	f	LEGOv2
20061125/051/20061125/051/011.wav	ang	-1	eng	en-us	m	LEGOv2
20061125/051/20061125/051/015.wav	ang	-1	eng	en-us	m	LEGOv2
20061125/051/20061125/051/016.wav	ang	-1	eng	en-us	m	LEGOv2
20061125/051/20061125/051/054.wav	ang	-1	eng	en-us	m	LEGOv2
20061125/051/20061125/051/057.wav	ang	-1	eng	en-us	m	LEGOv2
20061125/051/20061125/051/063.wav	ang	-1	eng	en-us	m	LEGOv2
20061125/055/20061125/055/007.wav	ang	-1	eng	en-us	f	LEGOv2
20061125/055/20061125/055/008.wav	ang	-1	eng	en-us	f	LEGOv2
20061125/055/20061125/055/009.wav	ang	-1	eng	en-us	f	LEGOv2
20061125/055/20061125/055/010.wav	ang	-1	eng	en-us	f	LEGOv2
20061125/055/20061125/055/012.wav	ang	-1	eng	en-us	f	LEGOv2
20061125/055/20061125/055/023.wav	ang	-1	eng	en-us	f	LEGOv2
20061125/058/20061125/058/011.wav	ang	-1	eng	en-us	f	LEGOv2
20061125/058/20061125/058/015.wav	ang	-1	eng	en-us	f	LEGOv2
20061125/058/20061125/058/019.wav	ang	-1	eng	en-us	f	LEGOv2
20061125/058/20061125/058/020.wav	ang	-1	eng	en-us	f	LEGOv2
20061125/058/20061125/058/021.wav	ang	-1	eng	en-us	f	LEGOv2
20061125/058/20061125/058/022.wav	ang	-1	eng	en-us	f	LEGOv2
20061125/058/20061125/058/023.wav	ang	-1	eng	en-us	f	LEGOv2
20061125/058/20061125/058/026.wav	ang	-1	eng	en-us	f	LEGOv2
20061125/062/20061125/062/008.wav	ang	-1	eng	en-us	f	LEGOv2
20061125/062/20061125/062/009.wav	ang	-1	eng	en-us	f	LEGOv2
20061125/062/20061125/062/028.wav	ang	-1	eng	en-us	f	LEGOv2
20061125/062/20061125/062/029.wav	ang	-1	eng	en-us	f	LEGOv2
20061125/062/20061125/062/030.wav	ang	-1	eng	en-us	f	LEGOv2
20061125/062/20061125/062/031.wav	ang	-1	eng	en-us	f	LEGOv2
20061125/062/20061125/062/032.wav	ang	-1	eng	en-us	f	LEGOv2
20061125/062/20061125/062/033.wav	ang	-1	eng	en-us	f	LEGOv2
20061125/062/20061125/062/034.wav	ang	-1	eng	en-us	f	LEGOv2
20061125/062/20061125/062/035.wav	ang	-1	eng	en-us	f	LEGOv2
20061125/062/20061125/062/036.wav	ang	-1	eng	en-us	f	LEGOv2
20061125/062/20061125/062/037.wav	ang	-1	eng	en-us	f	LEGOv2
20061125/063/20061125/063/006.wav	ang	-1	eng	en-us	m	LEGOv2
20061125/065/20061125/065/015.wav	ang	-1	eng	en-us	f	LEGOv2
20061125/065/20061125/065/029.wav	ang	-1	eng	en-us	f	LEGOv2
20061125/067/20061125/067/004.wav	ang	-1	eng	en-us	m	LEGOv2
20061125/068/20061125/068/002.wav	ang	-1	eng	en-us	f	LEGOv2
20061125/068/20061125/068/003.wav	ang	-1	eng	en-us	f	LEGOv2
20061125/068/20061125/068/011.wav	ang	-1	eng	en-us	f	LEGOv2
20061125/068/20061125/068/013.wav	ang	-1	eng	en-us	f	LEGOv2
20061125/068/20061125/068/014.wav	ang	-1	eng	en-us	f	LEGOv2
20061125/068/20061125/068/015.wav	ang	-1	eng	en-us	f	LEGOv2
20061125/068/20061125/068/016.wav	ang	-1	eng	en-us	f	LEGOv2
20061125/068/20061125/068/019.wav	ang	-1	eng	en-us	f	LEGOv2
20061125/068/20061125/068/021.wav	ang	-1	eng	en-us	f	LEGOv2
20061125/068/20061125/068/023.wav	ang	-1	eng	en-us	f	LEGOv2
20061125/068/20061125/068/024.wav	ang	-1	eng	en-us	f	LEGOv2
20061125/068/20061125/068/026.wav	ang	-1	eng	en-us	f	LEGOv2
20061125/068/20061125/068/027.wav	ang	-1	eng	en-us	f	LEGOv2
20061125/069/20061125/069/015.wav	ang	-1	eng	en-us	m	LEGOv2
20061125/069/20061125/069/016.wav	ang	-1	eng	en-us	m	LEGOv2
20061125/069/20061125/069/017.wav	ang	-1	eng	en-us	m	LEGOv2
20061125/074/20061125/074/006.wav	ang	-1	eng	en-us	m	LEGOv2
20061125/074/20061125/074/009.wav	ang	-1	eng	en-us	m	LEGOv2
20061126/002/20061126/002/002.wav	ang	-1	eng	en-us	m	LEGOv2
20061126/002/20061126/002/003.wav	ang	-1	eng	en-us	m	LEGOv2
20061126/002/20061126/002/004.wav	ang	-1	eng	en-us	m	LEGOv2
20061126/002/20061126/002/005.wav	ang	-1	eng	en-us	m	LEGOv2
20061126/002/20061126/002/006.wav	ang	-1	eng	en-us	m	LEGOv2
20061126/002/20061126/002/007.wav	ang	-1	eng	en-us	m	LEGOv2
20061126/002/20061126/002/008.wav	ang	-1	eng	en-us	m	LEGOv2
20061126/002/20061126/002/009.wav	ang	-1	eng	en-us	m	LEGOv2
20061126/002/20061126/002/010.wav	ang	-1	eng	en-us	m	LEGOv2
20061126/002/20061126/002/012.wav	ang	-1	eng	en-us	m	LEGOv2
20061126/002/20061126/002/016.wav	ang	-1	eng	en-us	m	LEGOv2
20061126/002/20061126/002/018.wav	ang	-1	eng	en-us	m	LEGOv2
20061126/002/20061126/002/019.wav	ang	-1	eng	en-us	m	LEGOv2
20061126/003/20061126/003/017.wav	ang	-1	eng	en-us	m	LEGOv2
20061126/004/20061126/004/010.wav	ang	-1	eng	en-us	m	LEGOv2
20061126/004/20061126/004/016.wav	ang	-1	eng	en-us	m	LEGOv2
20061126/005/20061126/005/005.wav	ang	-1	eng	en-us	m	LEGOv2
20061126/008/20061126/008/023.wav	ang	-1	eng	en-us	f	LEGOv2
20061126/008/20061126/008/029.wav	ang	-1	eng	en-us	f	LEGOv2
20061126/008/20061126/008/031.wav	ang	-1	eng	en-us	f	LEGOv2
20061126/008/20061126/008/032.wav	ang	-1	eng	en-us	f	LEGOv2
20061126/008/20061126/008/034.wav	ang	-1	eng	en-us	f	LEGOv2
20061126/008/20061126/008/035.wav	ang	-1	eng	en-us	f	LEGOv2
20061126/008/20061126/008/036.wav	ang	-1	eng	en-us	f	LEGOv2
20061126/008/20061126/008/037.wav	ang	-1	eng	en-us	f	LEGOv2
20061126/013/20061126/013/003.wav	ang	-1	eng	en-us	f	LEGOv2
20061126/017/20061126/017/010.wav	ang	-1	eng	en-us	f	LEGOv2
20061126/017/20061126/017/011.wav	ang	-1	eng	en-us	f	LEGOv2
20061126/017/20061126/017/012.wav	ang	-1	eng	en-us	f	LEGOv2
20061126/017/20061126/017/023.wav	ang	-1	eng	en-us	f	LEGOv2
20061126/017/20061126/017/024.wav	ang	-1	eng	en-us	f	LEGOv2
20061126/017/20061126/017/025.wav	ang	-1	eng	en-us	f	LEGOv2
20061126/021/20061126/021/018.wav	ang	-1	eng	en-us	f	LEGOv2
20061126/021/20061126/021/023.wav	ang	-1	eng	en-us	f	LEGOv2
20061126/021/20061126/021/025.wav	ang	-1	eng	en-us	f	LEGOv2
20061126/021/20061126/021/026.wav	ang	-1	eng	en-us	f	LEGOv2
20061126/022/20061126/022/011.wav	ang	-1	eng	en-us	f	LEGOv2
20061126/022/20061126/022/013.wav	ang	-1	eng	en-us	f	LEGOv2
20061126/022/20061126/022/016.wav	ang	-1	eng	en-us	f	LEGOv2
20061126/022/20061126/022/019.wav	ang	-1	eng	en-us	f	LEGOv2
20061126/026/20061126/026/011.wav	ang	-1	eng	en-us	f	LEGOv2
20061126/026/20061126/026/024.wav	ang	-1	eng	en-us	f	LEGOv2
20061126/027/20061126/027/010.wav	ang	-1	eng	en-us	f	LEGOv2
20061126/027/20061126/027/018.wav	ang	-1	eng	en-us	f	LEGOv2
20061126/029/20061126/029/007.wav	ang	-1	eng	en-us	f	LEGOv2
20061126/031/20061126/031/006.wav	ang	-1	eng	en-us	f	LEGOv2
20061126/032/20061126/032/048.wav	ang	-1	eng	en-us	f	LEGOv2
20061126/032/20061126/032/049.wav	ang	-1	eng	en-us	f	LEGOv2
20061126/032/20061126/032/050.wav	ang	-1	eng	en-us	f	LEGOv2
20061126/032/20061126/032/051.wav	ang	-1	eng	en-us	f	LEGOv2
20061126/032/20061126/032/052.wav	ang	-1	eng	en-us	f	LEGOv2
20061126/037/20061126/037/006.wav	ang	-1	eng	en-us	f	LEGOv2
20061126/037/20061126/037/007.wav	ang	-1	eng	en-us	f	LEGOv2
20061126/039/20061126/039/027.wav	ang	-1	eng	en-us	u	LEGOv2
20061126/039/20061126/039/028.wav	ang	-1	eng	en-us	u	LEGOv2
20061126/040/20061126/040/019.wav	ang	-1	eng	en-us	f	LEGOv2
20061126/040/20061126/040/029.wav	ang	-1	eng	en-us	f	LEGOv2
20061126/040/20061126/040/035.wav	ang	-1	eng	en-us	f	LEGOv2
20061126/040/20061126/040/064.wav	ang	-1	eng	en-us	f	LEGOv2
20061126/040/20061126/040/066.wav	ang	-1	eng	en-us	f	LEGOv2
20061126/040/20061126/040/070.wav	ang	-1	eng	en-us	f	LEGOv2
20061126/040/20061126/040/072.wav	ang	-1	eng	en-us	f	LEGOv2
20061126/041/20061126/041/008.wav	ang	-1	eng	en-us	f	LEGOv2
20061126/041/20061126/041/013.wav	ang	-1	eng	en-us	f	LEGOv2
20061126/041/20061126/041/014.wav	ang	-1	eng	en-us	f	LEGOv2
20061126/041/20061126/041/015.wav	ang	-1	eng	en-us	f	LEGOv2
20061126/041/20061126/041/020.wav	ang	-1	eng	en-us	f	LEGOv2
20061126/041/20061126/041/021.wav	ang	-1	eng	en-us	f	LEGOv2
20061126/041/20061126/041/022.wav	ang	-1	eng	en-us	f	LEGOv2
20061126/041/20061126/041/023.wav	ang	-1	eng	en-us	f	LEGOv2
20061126/041/20061126/041/028.wav	ang	-1	eng	en-us	f	LEGOv2
20061126/041/20061126/041/029.wav	ang	-1	eng	en-us	f	LEGOv2
20061126/042/20061126/042/023.wav	ang	-1	eng	en-us	u	LEGOv2
20061126/042/20061126/042/025.wav	ang	-1	eng	en-us	u	LEGOv2
20061126/042/20061126/042/027.wav	ang	-1	eng	en-us	u	LEGOv2
20061126/042/20061126/042/031.wav	ang	-1	eng	en-us	u	LEGOv2
20061126/042/20061126/042/034.wav	ang	-1	eng	en-us	u	LEGOv2
20061126/042/20061126/042/050.wav	ang	-1	eng	en-us	u	LEGOv2
20061126/042/20061126/042/053.wav	ang	-1	eng	en-us	u	LEGOv2
20061126/042/20061126/042/055.wav	ang	-1	eng	en-us	u	LEGOv2
20061126/042/20061126/042/061.wav	ang	-1	eng	en-us	u	LEGOv2
20061126/042/20061126/042/066.wav	ang	-1	eng	en-us	u	LEGOv2
20061126/042/20061126/042/078.wav	ang	-1	eng	en-us	u	LEGOv2
20061126/042/20061126/042/090.wav	ang	-1	eng	en-us	u	LEGOv2
20061126/042/20061126/042/092.wav	ang	-1	eng	en-us	u	LEGOv2
20061126/042/20061126/042/095.wav	ang	-1	eng	en-us	u	LEGOv2
20061126/044/20061126/044/011.wav	ang	-1	eng	en-us	f	LEGOv2
20061126/044/20061126/044/012.wav	ang	-1	eng	en-us	f	LEGOv2
20061126/044/20061126/044/013.wav	ang	-1	eng	en-us	f	LEGOv2
20061126/044/20061126/044/022.wav	ang	-1	eng	en-us	f	LEGOv2
20061126/044/20061126/044/023.wav	ang	-1	eng	en-us	f	LEGOv2
20061126/044/20061126/044/024.wav	ang	-1	eng	en-us	f	LEGOv2
20061126/044/20061126/044/025.wav	ang	-1	eng	en-us	f	LEGOv2
20061126/046/20061126/046/004.wav	ang	-1	eng	en-us	m	LEGOv2
20061126/046/20061126/046/005.wav	ang	-1	eng	en-us	m	LEGOv2
20061126/046/20061126/046/006.wav	ang	-1	eng	en-us	m	LEGOv2
20061126/046/20061126/046/007.wav	ang	-1	eng	en-us	m	LEGOv2
20061126/053/20061126/053/002.wav	ang	-1	eng	en-us	m	LEGOv2
20061126/053/20061126/053/003.wav	ang	-1	eng	en-us	m	LEGOv2
20061126/053/20061126/053/006.wav	ang	-1	eng	en-us	m	LEGOv2
20061126/053/20061126/053/013.wav	ang	-1	eng	en-us	m	LEGOv2
20061126/053/20061126/053/014.wav	ang	-1	eng	en-us	m	LEGOv2
20061126/053/20061126/053/015.wav	ang	-1	eng	en-us	m	LEGOv2
20061126/055/20061126/055/006.wav	ang	-1	eng	en-us	f	LEGOv2
20061126/055/20061126/055/010.wav	ang	-1	eng	en-us	f	LEGOv2
20061126/055/20061126/055/011.wav	ang	-1	eng	en-us	f	LEGOv2
20061126/055/20061126/055/012.wav	ang	-1	eng	en-us	f	LEGOv2
20061126/055/20061126/055/013.wav	ang	-1	eng	en-us	f	LEGOv2
20061126/055/20061126/055/015.wav	ang	-1	eng	en-us	f	LEGOv2
20061126/055/20061126/055/018.wav	ang	-1	eng	en-us	f	LEGOv2
20061126/055/20061126/055/020.wav	ang	-1	eng	en-us	f	LEGOv2
20061126/055/20061126/055/021.wav	ang	-1	eng	en-us	f	LEGOv2
20061126/055/20061126/055/022.wav	ang	-1	eng	en-us	f	LEGOv2
20061126/055/20061126/055/023.wav	ang	-1	eng	en-us	f	LEGOv2
20061126/055/20061126/055/025.wav	ang	-1	eng	en-us	f	LEGOv2
20061126/059/20061126/059/026.wav	ang	-1	eng	en-us	m	LEGOv2
20061126/059/20061126/059/027.wav	ang	-1	eng	en-us	m	LEGOv2
20061126/059/20061126/059/030.wav	ang	-1	eng	en-us	m	LEGOv2
20061127/000/20061127/000/012.wav	ang	-1	eng	en-us	m	LEGOv2
20061127/000/20061127/000/013.wav	ang	-1	eng	en-us	m	LEGOv2
20061127/000/20061127/000/015.wav	ang	-1	eng	en-us	m	LEGOv2
20061127/000/20061127/000/016.wav	ang	-1	eng	en-us	m	LEGOv2
20061127/000/20061127/000/030.wav	ang	-1	eng	en-us	m	LEGOv2
20061127/001/20061127/001/004.wav	ang	-1	eng	en-us	m	LEGOv2
20061127/001/20061127/001/005.wav	ang	-1	eng	en-us	m	LEGOv2
20061127/001/20061127/001/006.wav	ang	-1	eng	en-us	m	LEGOv2
20061127/001/20061127/001/007.wav	ang	-1	eng	en-us	m	LEGOv2
20061127/001/20061127/001/011.wav	ang	-1	eng	en-us	m	LEGOv2
20061127/001/20061127/001/012.wav	ang	-1	eng	en-us	m	LEGOv2
20061127/001/20061127/001/017.wav	ang	-1	eng	en-us	m	LEGOv2
20061127/001/20061127/001/019.wav	ang	-1	eng	en-us	m	LEGOv2
20061127/002/20061127/002/002.wav	ang	-1	eng	en-us	m	LEGOv2
20061127/002/20061127/002/004.wav	ang	-1	eng	en-us	m	LEGOv2
20061127/002/20061127/002/007.wav	ang	-1	eng	en-us	m	LEGOv2
20061127/002/20061127/002/009.wav	ang	-1	eng	en-us	m	LEGOv2
20061127/002/20061127/002/010.wav	ang	-1	eng	en-us	m	LEGOv2
20061127/002/20061127/002/011.wav	ang	-1	eng	en-us	m	LEGOv2
20061127/002/20061127/002/012.wav	ang	-1	eng	en-us	m	LEGOv2
20061127/002/20061127/002/014.wav	ang	-1	eng	en-us	m	LEGOv2
20061127/007/20061127/007/001.wav	ang	-1	eng	en-us	f	LEGOv2
20061127/007/20061127/007/002.wav	ang	-1	eng	en-us	f	LEGOv2
20061127/007/20061127/007/003.wav	ang	-1	eng	en-us	f	LEGOv2
20061127/007/20061127/007/004.wav	ang	-1	eng	en-us	f	LEGOv2
20061127/007/20061127/007/005.wav	ang	-1	eng	en-us	f	LEGOv2
20061127/007/20061127/007/007.wav	ang	-1	eng	en-us	f	LEGOv2
20061127/007/20061127/007/008.wav	ang	-1	eng	en-us	f	LEGOv2
20061127/007/20061127/007/009.wav	ang	-1	eng	en-us	f	LEGOv2
20061127/007/20061127/007/011.wav	ang	-1	eng	en-us	f	LEGOv2
20061127/007/20061127/007/012.wav	ang	-1	eng	en-us	f	LEGOv2
20061127/007/20061127/007/013.wav	ang	-1	eng	en-us	f	LEGOv2
20061127/007/20061127/007/014.wav	ang	-1	eng	en-us	f	LEGOv2
20061127/007/20061127/007/015.wav	ang	-1	eng	en-us	f	LEGOv2
20061127/007/20061127/007/016.wav	ang	-1	eng	en-us	f	LEGOv2
20061127/007/20061127/007/017.wav	ang	-1	eng	en-us	f	LEGOv2
20061127/007/20061127/007/019.wav	ang	-1	eng	en-us	f	LEGOv2
20061127/007/20061127/007/020.wav	ang	-1	eng	en-us	f	LEGOv2
20061127/007/20061127/007/021.wav	ang	-1	eng	en-us	f	LEGOv2
20061127/007/20061127/007/022.wav	ang	-1	eng	en-us	f	LEGOv2
20061127/007/20061127/007/023.wav	ang	-1	eng	en-us	f	LEGOv2
20061127/007/20061127/007/024.wav	ang	-1	eng	en-us	f	LEGOv2
20061127/007/20061127/007/025.wav	ang	-1	eng	en-us	f	LEGOv2
20061127/007/20061127/007/026.wav	ang	-1	eng	en-us	f	LEGOv2
20061127/007/20061127/007/027.wav	ang	-1	eng	en-us	f	LEGOv2
20061127/007/20061127/007/028.wav	ang	-1	eng	en-us	f	LEGOv2
20061127/007/20061127/007/029.wav	ang	-1	eng	en-us	f	LEGOv2
20061127/007/20061127/007/031.wav	ang	-1	eng	en-us	f	LEGOv2
20061127/007/20061127/007/032.wav	ang	-1	eng	en-us	f	LEGOv2
20061127/007/20061127/007/033.wav	ang	-1	eng	en-us	f	LEGOv2
20061127/007/20061127/007/034.wav	ang	-1	eng	en-us	f	LEGOv2
20061127/007/20061127/007/035.wav	ang	-1	eng	en-us	f	LEGOv2
20061127/007/20061127/007/036.wav	ang	-1	eng	en-us	f	LEGOv2
20061127/007/20061127/007/038.wav	ang	-1	eng	en-us	f	LEGOv2
20061127/007/20061127/007/039.wav	ang	-1	eng	en-us	f	LEGOv2
20061127/007/20061127/007/040.wav	ang	-1	eng	en-us	f	LEGOv2
20061127/007/20061127/007/041.wav	ang	-1	eng	en-us	f	LEGOv2
20061127/007/20061127/007/042.wav	ang	-1	eng	en-us	f	LEGOv2
20061127/007/20061127/007/043.wav	ang	-1	eng	en-us	f	LEGOv2
20061127/007/20061127/007/044.wav	ang	-1	eng	en-us	f	LEGOv2
20061127/007/20061127/007/045.wav	ang	-1	eng	en-us	f	LEGOv2
20061127/007/20061127/007/046.wav	ang	-1	eng	en-us	f	LEGOv2
20061127/007/20061127/007/047.wav	ang	-1	eng	en-us	f	LEGOv2
20061127/007/20061127/007/048.wav	ang	-1	eng	en-us	f	LEGOv2
20061127/007/20061127/007/049.wav	ang	-1	eng	en-us	f	LEGOv2
20061127/007/20061127/007/050.wav	ang	-1	eng	en-us	f	LEGOv2
20061127/007/20061127/007/051.wav	ang	-1	eng	en-us	f	LEGOv2
20061127/007/20061127/007/052.wav	ang	-1	eng	en-us	f	LEGOv2
20061127/007/20061127/007/053.wav	ang	-1	eng	en-us	f	LEGOv2
20061127/009/20061127/009/012.wav	ang	-1	eng	en-us	u	LEGOv2
20061127/009/20061127/009/013.wav	ang	-1	eng	en-us	u	LEGOv2
20061127/009/20061127/009/014.wav	ang	-1	eng	en-us	u	LEGOv2
20061127/009/20061127/009/015.wav	ang	-1	eng	en-us	u	LEGOv2
20061127/009/20061127/009/017.wav	ang	-1	eng	en-us	u	LEGOv2
20061127/015/20061127/015/034.wav	ang	-1	eng	en-us	u	LEGOv2
20061127/016/20061127/016/035.wav	ang	-1	eng	en-us	f	LEGOv2
20061127/016/20061127/016/037.wav	ang	-1	eng	en-us	f	LEGOv2
20061127/016/20061127/016/042.wav	ang	-1	eng	en-us	f	LEGOv2
20061127/017/20061127/017/011.wav	ang	-1	eng	en-us	m	LEGOv2
20061127/019/20061127/019/013.wav	ang	-1	eng	en-us	f	LEGOv2
20061127/019/20061127/019/014.wav	ang	-1	eng	en-us	f	LEGOv2
20061127/019/20061127/019/018.wav	ang	-1	eng	en-us	f	LEGOv2
20061127/020/20061127/020/013.wav	ang	-1	eng	en-us	m	LEGOv2
20061127/020/20061127/020/014.wav	ang	-1	eng	en-us	m	LEGOv2
20061127/020/20061127/020/015.wav	ang	-1	eng	en-us	m	LEGOv2
20061127/020/20061127/020/016.wav	ang	-1	eng	en-us	m	LEGOv2
20061127/020/20061127/020/017.wav	ang	-1	eng	en-us	m	LEGOv2
20061127/020/20061127/020/019.wav	ang	-1	eng	en-us	m	LEGOv2
20061127/020/20061127/020/020.wav	ang	-1	eng	en-us	m	LEGOv2
20061127/020/20061127/020/021.wav	ang	-1	eng	en-us	m	LEGOv2
20061127/020/20061127/020/022.wav	ang	-1	eng	en-us	m	LEGOv2
20061127/020/20061127/020/023.wav	ang	-1	eng	en-us	m	LEGOv2
20061127/020/20061127/020/025.wav	ang	-1	eng	en-us	m	LEGOv2
20061127/020/20061127/020/026.wav	ang	-1	eng	en-us	m	LEGOv2
20061127/021/20061127/021/002.wav	ang	-1	eng	en-us	m	LEGOv2
20061127/021/20061127/021/003.wav	ang	-1	eng	en-us	m	LEGOv2
20061127/021/20061127/021/004.wav	ang	-1	eng	en-us	m	LEGOv2
20061127/021/20061127/021/005.wav	ang	-1	eng	en-us	m	LEGOv2
20061127/021/20061127/021/008.wav	ang	-1	eng	en-us	m	LEGOv2
20061127/021/20061127/021/009.wav	ang	-1	eng	en-us	m	LEGOv2
20061127/021/20061127/021/010.wav	ang	-1	eng	en-us	m	LEGOv2
20061127/021/20061127/021/011.wav	ang	-1	eng	en-us	m	LEGOv2
20061127/024/20061127/024/015.wav	ang	-1	eng	en-us	f	LEGOv2
20061127/031/20061127/031/018.wav	ang	-1	eng	en-us	f	LEGOv2
20061127/035/20061127/035/023.wav	ang	-1	eng	en-us	u	LEGOv2
20061127/035/20061127/035/024.wav	ang	-1	eng	en-us	u	LEGOv2
20061127/035/20061127/035/025.wav	ang	-1	eng	en-us	u	LEGOv2
20061127/035/20061127/035/026.wav	ang	-1	eng	en-us	u	LEGOv2
20061127/035/20061127/035/027.wav	ang	-1	eng	en-us	u	LEGOv2
20061127/035/20061127/035/048.wav	ang	-1	eng	en-us	u	LEGOv2
20061127/038/20061127/038/005.wav	ang	-1	eng	en-us	m	LEGOv2
20061127/038/20061127/038/021.wav	ang	-1	eng	en-us	m	LEGOv2
20061127/039/20061127/039/006.wav	ang	-1	eng	en-us	f	LEGOv2
20061127/040/20061127/040/017.wav	ang	-1	eng	en-us	m	LEGOv2
20061127/040/20061127/040/018.wav	ang	-1	eng	en-us	m	LEGOv2
20061127/040/20061127/040/019.wav	ang	-1	eng	en-us	m	LEGOv2
20061128/000/20061128/000/003.wav	ang	-1	eng	en-us	f	LEGOv2
20061128/000/20061128/000/004.wav	ang	-1	eng	en-us	f	LEGOv2
20061128/000/20061128/000/005.wav	ang	-1	eng	en-us	f	LEGOv2
20061128/000/20061128/000/006.wav	ang	-1	eng	en-us	f	LEGOv2
20061128/000/20061128/000/007.wav	ang	-1	eng	en-us	f	LEGOv2
20061128/000/20061128/000/008.wav	ang	-1	eng	en-us	f	LEGOv2
20061128/000/20061128/000/009.wav	ang	-1	eng	en-us	f	LEGOv2
20061128/000/20061128/000/010.wav	ang	-1	eng	en-us	f	LEGOv2
20061128/000/20061128/000/011.wav	ang	-1	eng	en-us	f	LEGOv2
20061128/000/20061128/000/013.wav	ang	-1	eng	en-us	f	LEGOv2
20061128/000/20061128/000/014.wav	ang	-1	eng	en-us	f	LEGOv2
20061128/000/20061128/000/015.wav	ang	-1	eng	en-us	f	LEGOv2
20061128/000/20061128/000/018.wav	ang	-1	eng	en-us	f	LEGOv2
20061128/000/20061128/000/020.wav	ang	-1	eng	en-us	f	LEGOv2
20061128/000/20061128/000/021.wav	ang	-1	eng	en-us	f	LEGOv2
20061128/000/20061128/000/022.wav	ang	-1	eng	en-us	f	LEGOv2
20061128/000/20061128/000/023.wav	ang	-1	eng	en-us	f	LEGOv2
20061128/000/20061128/000/024.wav	ang	-1	eng	en-us	f	LEGOv2
20061128/005/20061128/005/022.wav	ang	-1	eng	en-us	f	LEGOv2
20061128/008/20061128/008/011.wav	ang	-1	eng	en-us	f	LEGOv2
20061128/008/20061128/008/012.wav	ang	-1	eng	en-us	f	LEGOv2
20061128/008/20061128/008/013.wav	ang	-1	eng	en-us	f	LEGOv2
20061128/008/20061128/008/014.wav	ang	-1	eng	en-us	f	LEGOv2
20061128/009/20061128/009/018.wav	ang	-1	eng	en-us	f	LEGOv2
20061128/009/20061128/009/019.wav	ang	-1	eng	en-us	f	LEGOv2
20061128/009/20061128/009/021.wav	ang	-1	eng	en-us	f	LEGOv2
20061128/011/20061128/011/006.wav	ang	-1	eng	en-us	f	LEGOv2
20061128/011/20061128/011/007.wav	ang	-1	eng	en-us	f	LEGOv2
20061128/014/20061128/014/007.wav	ang	-1	eng	en-us	f	LEGOv2
20061128/014/20061128/014/008.wav	ang	-1	eng	en-us	f	LEGOv2
20061128/014/20061128/014/024.wav	ang	-1	eng	en-us	f	LEGOv2
20061128/015/20061128/015/004.wav	ang	-1	eng	en-us	f	LEGOv2
20061128/015/20061128/015/006.wav	ang	-1	eng	en-us	f	LEGOv2
20061128/015/20061128/015/007.wav	ang	-1	eng	en-us	f	LEGOv2
20061128/015/20061128/015/012.wav	ang	-1	eng	en-us	f	LEGOv2
20061128/016/20061128/016/008.wav	ang	-1	eng	en-us	f	LEGOv2
20061128/016/20061128/016/009.wav	ang	-1	eng	en-us	f	LEGOv2
20061128/016/20061128/016/010.wav	ang	-1	eng	en-us	f	LEGOv2
20061128/016/20061128/016/011.wav	ang	-1	eng	en-us	f	LEGOv2
20061128/016/20061128/016/012.wav	ang	-1	eng	en-us	f	LEGOv2
20061128/016/20061128/016/013.wav	ang	-1	eng	en-us	f	LEGOv2
20061128/019/20061128/019/010.wav	ang	-1	eng	en-us	m	LEGOv2
20061128/022/20061128/022/015.wav	ang	-1	eng	en-us	f	LEGOv2
20061128/022/20061128/022/021.wav	ang	-1	eng	en-us	f	LEGOv2
20061128/022/20061128/022/022.wav	ang	-1	eng	en-us	f	LEGOv2
20061128/022/20061128/022/023.wav	ang	-1	eng	en-us	f	LEGOv2
20061128/022/20061128/022/025.wav	ang	-1	eng	en-us	f	LEGOv2
20061128/022/20061128/022/027.wav	ang	-1	eng	en-us	f	LEGOv2
20061128/022/20061128/022/037.wav	ang	-1	eng	en-us	f	LEGOv2
20061128/022/20061128/022/038.wav	ang	-1	eng	en-us	f	LEGOv2
20061128/022/20061128/022/040.wav	ang	-1	eng	en-us	f	LEGOv2
20061128/022/20061128/022/041.wav	ang	-1	eng	en-us	f	LEGOv2
20061128/022/20061128/022/042.wav	ang	-1	eng	en-us	f	LEGOv2
20061128/022/20061128/022/044.wav	ang	-1	eng	en-us	f	LEGOv2
20061128/022/20061128/022/046.wav	ang	-1	eng	en-us	f	LEGOv2
20061128/022/20061128/022/049.wav	ang	-1	eng	en-us	f	LEGOv2
20061128/022/20061128/022/051.wav	ang	-1	eng	en-us	f	LEGOv2
20061128/022/20061128/022/052.wav	ang	-1	eng	en-us	f	LEGOv2
20061128/022/20061128/022/053.wav	ang	-1	eng	en-us	f	LEGOv2
20061128/022/20061128/022/054.wav	ang	-1	eng	en-us	f	LEGOv2
20061128/022/20061128/022/056.wav	ang	-1	eng	en-us	f	LEGOv2
20061128/022/20061128/022/058.wav	ang	-1	eng	en-us	f	LEGOv2
20061128/022/20061128/022/059.wav	ang	-1	eng	en-us	f	LEGOv2
20061128/022/20061128/022/061.wav	ang	-1	eng	en-us	f	LEGOv2
20061128/022/20061128/022/064.wav	ang	-1	eng	en-us	f	LEGOv2
20061128/022/20061128/022/069.wav	ang	-1	eng	en-us	f	LEGOv2
20061128/022/20061128/022/070.wav	ang	-1	eng	en-us	f	LEGOv2
20061128/023/20061128/023/004.wav	ang	-1	eng	en-us	m	LEGOv2
20061128/023/20061128/023/005.wav	ang	-1	eng	en-us	m	LEGOv2
20061128/023/20061128/023/007.wav	ang	-1	eng	en-us	m	LEGOv2
20061128/024/20061128/024/000.wav	ang	-1	eng	en-us	f	LEGOv2
20061128/024/20061128/024/006.wav	ang	-1	eng	en-us	f	LEGOv2
20061128/024/20061128/024/007.wav	ang	-1	eng	en-us	f	LEGOv2
20061128/025/20061128/025/013.wav	ang	-1	eng	en-us	m	LEGOv2
20061128/031/20061128/031/015.wav	ang	-1	eng	en-us	f	LEGOv2
20061128/032/20061128/032/002.wav	ang	-1	eng	en-us	f	LEGOv2
20061128/032/20061128/032/003.wav	ang	-1	eng	en-us	f	LEGOv2
20061128/032/20061128/032/005.wav	ang	-1	eng	en-us	f	LEGOv2
20061128/034/20061128/034/004.wav	ang	-1	eng	en-us	f	LEGOv2
20061128/034/20061128/034/008.wav	ang	-1	eng	en-us	f	LEGOv2
20061128/035/20061128/035/006.wav	ang	-1	eng	en-us	f	LEGOv2
20061128/036/20061128/036/003.wav	ang	-1	eng	en-us	f	LEGOv2
20061128/036/20061128/036/004.wav	ang	-1	eng	en-us	f	LEGOv2
20061128/036/20061128/036/005.wav	ang	-1	eng	en-us	f	LEGOv2
20061128/036/20061128/036/007.wav	ang	-1	eng	en-us	f	LEGOv2
20061128/038/20061128/038/006.wav	ang	-1	eng	en-us	f	LEGOv2
20061128/038/20061128/038/009.wav	ang	-1	eng	en-us	f	LEGOv2
20061128/038/20061128/038/017.wav	ang	-1	eng	en-us	f	LEGOv2
20061128/038/20061128/038/019.wav	ang	-1	eng	en-us	f	LEGOv2
20061128/038/20061128/038/021.wav	ang	-1	eng	en-us	f	LEGOv2
20061128/038/20061128/038/022.wav	ang	-1	eng	en-us	f	LEGOv2
